name,stocklong
Horse Mackerel West Africa,Horse mackerel West Africa
Cunene Horse Mackerel West Africa,Cunene horse mackerel West Africa
Bight redfish Southeast Australia,Bight redfish Southeast Australia
Blue Grenadier Southeast Australia,Blue grenadier New South Wales to Western Australia
Blue Warehou Eastern half of Southeast Australia,Blue warehou Eastern half of Southeast Australia
Blue Warehou Western half of Southeast Australia,Blue warehou Western half of Southeast Australia
common gemfish Southeast Australia,Common gemfish Southeast Australia
Deepwater flathead Southeast Australia,Deepwater flathead Southeast Australia
Jackass morwong Southeast Australia,Jackass morwong Eastern half of Southeast Australia
Jackass morwong Southeast Australia,Jackass morwong Western half of Southeast Australia
School whiting Southeast Australia,School whiting Southeast Australia
Silverfish Southeast Australia,Silverfish Southeast Australia
Tiger flathead Southeast Australia,Tiger flathead Southeast Australia
Brown tiger shrimp Northern Australia,Brown tiger shrimp Northern Australia
Grooved tiger prawn Northern Australia,Grooved tiger prawn Northern Australia
Ling Southeast Australia,Ling Southeast Australia
Ling Western half of Southeast Australia,Ling Western half of Southeast Australia
Orange roughy Southeast Australia,Orange roughy Southeast Australia
Redfish Eastern Australia,Redfish Eastern Australia
Atlantic cod NAFO 2J3KL,Atlantic cod Southern Labrador-Eastern Newfoundland
Bocaccio British Columbia Waters,Bocaccio British Columbia Waters
Canary rockfish West Coast of Vancouver Island and Strait of Georgia and Queen Charlotte Islands,Canary rockfish West Coast of Vancouver Island and Strait of Georgia and Queen Charlotte Islands
Haddock NAFO-4X5Y,"Haddock Western Scotian Shelf, Bay of Fundy and Gulf of Maine"
Pacific cod Hecate Strait,Pacific cod Hecate Strait
Pacific cod West Coast of Vancouver Island,Pacific cod West Coast of Vancouver Island
Pacific ocean perch Haida Gwaii,Pacific ocean perch Haida Gwaii
Pacific Ocean perch West Coast of Vancouver Island,Pacific ocean perch West Coast of Vancouver Island
Redfish species NAFO 3LN,Redfish species N and SW Grand Banks
Rock sole Hecate Strait,Rock sole Hecate Strait
Rock sole Queen Charlotte Sound,Rock sole Queen Charlotte Sound
Sablefish Pacific Coast of Canada,Sablefish Pacific Coast of Canada
Witch flounder Gulf of St. Lawrence,Witch flounder Gulf of St. Lawrence
Yellowtail Flounder NAFO 3LNO,Yellowtail flounder Grand Banks
Atlantic halibut Scotian Shelf and Southern Grand Banks,Atlantic halibut Scotian Shelf and Southern Grand Banks
Atlantic cod St. Pierre Bank,Atlantic cod St. Pierre Bank
"Atlantic cod Western Scotian Shelf, Bay of Fundy and Gulf of Maine","Atlantic cod Western Scotian Shelf, Bay of Fundy and Gulf of Maine"
Atlantic cod NAFO 5Zjm,Atlantic cod NAFO 5Zjm
Cusk Western Scotian Shelf,Cusk Western Scotian Shelf
Lingcod Strait of Georgia,Lingcod Strait of Georgia
Porbeagle shark Canadian Atlantic Ocean,Porbeagle shark Canadian Atlantic Ocean
Sea scallop Georges Bank,Sea scallop Georges Bank
USEC spiny dogfish,Spiny dogfish Atlantic Coast
Silver hake Scotian Shelf and Bay of Fundy,Silver hake Scotian Shelf and Bay of Fundy
Chub mackerel Pacific Coast of Japan,Chub mackerel Pacific Coast of Japan
Chub mackerel Tsushima Strait,Chub mackerel Tsushima Strait
Japanese jack mackerel Pacific Coast of Japan,Japanese jack mackerel Pacific Coast of Japan
Japanese jack mackerel Tsushima Strait,Japanese jack mackerel Tsushima Strait
Japanese pufferfish Ise and Mikawa Bay,Japanese pufferfish Ise and Mikawa Bay
Japanese sardine Pacific Coast of Japan,Japanese pufferfish Sea of Japan and East China Sea and Seto Inland sea
Japanese sardine Tsushima Strait,Japanese sardine Tsushima Strait
Japanese Spanish mackerel Inland Sea of Japan,Japanese Spanish mackerel Inland Sea of Japan
Pacific saury Northwest Pacific,Pacific saury Northwest Pacific
Snow crab North Pacific,Snow crab North Pacific
Snow crab Sea of Japan East,Snow crab Sea of Japan East
Snow crab Sea of Japan West,Snow crab Sea of Japan West
Spotted mackerel Pacific Coast of Japan,Spotted mackerel Pacific Coast of Japan
Walleye pollock Pacific Coast of Japan,Walleye pollock Pacific Coast of Japan
Walleye pollock Sea of Japan North,Walleye pollock Sea of Japan North
Willowy flounder North Pacific,Willowy flounder North Pacific
Japanese amberjack Japan,Japanese amberjack Japan
Japanese anchovy Inland Sea of Japan,Japanese anchovy Inland Sea of Japan
Japanese anchovy Pacific Coast of Japan,Japanese anchovy Pacific Coast of Japan
Japanese anchovy Tsushima Strait,Japanese anchovy Tsushima Strait
Japanese flounder East China Sea,Japanese flounder East China Sea
Japanese flounder Inland Sea of Japan,Japanese flounder Inland Sea of Japan
Japanese flounder Pacific Ocean,Japanese flounder Pacific Ocean
Japanese flounder Sea of Japan North,Japanese flounder Sea of Japan North
Japanese flying squid Japan Autumn recruitment,Japanese flying squid Japan Autumn recruitment
Japanese flying squid Japan Winter recruitment,Japanese flying squid Japan Winter recruitment
Japanese sardine Pacific Coast of Japan,Japanese sardine Pacific Coast of Japan
Kichiji rockfish North Pacific,Kichiji rockfish North Pacific
Pacific cod North Pacific,Pacific cod North Pacific
Pointhead flounder Sea of Japan,Pointhead flounder Sea of Japan
Round herring Tsushima Strait,Round herring Tsushima Strait
Round nose flounder Sea of Japan,Round nose flounder Sea of Japan
Sailfin sandfish Sea of Japan West,Sailfin sandfish Sea of Japan West
Black Oreo Pukaki Rise,Black oreo Pukaki Rise
Black oreo West end of Chatham Rise,Black oreo West end of Chatham Rise
Bluenose New Zealand,Bluenose New Zealand
common gemfish New Zealand,Common gemfish New Zealand
Giant stargazer NZ Area STA7,Giant stargazer NZ Area STA7
Hoki Eastern New Zealand,Hoki Eastern New Zealand
Hoki Western New Zealand,Hoki Western New Zealand
New Zealand ling New Zealand Area LIN 6b,Ling New Zealand Areas LIN 6b
New Zealand ling New Zealand Area LIN 72,Ling New Zealand Areas LIN 72
New Zealand ling New Zealand Area LIN 7WC - WCSI,Ling New Zealand Areas LIN 7WC-WCSI
New Zealand ling New Zealand Areas LIN 3 and 4,Ling New Zealand Areas LIN 3 and 4
New Zealand ling New Zealand Areas LIN 5 and 6,Ling New Zealand Areas LIN 5 and 6
New Zealand snapper New Zealand Area 8,New Zealand snapper New Zealand Area 8 (Auckland and Central West)
New Zealand snapper New Zealand SNA 1 Bay of Plenty and Hauraki Gulf,New Zealand snapper New Zealand SNA 1 Bay of Plenty and Hauraki Gulf
Orange roughy New Zealand Mid East Coast,Orange roughy East and South Chatham Rise
Orange roughy New Zealand Mid East Coast,Orange roughy New Zealand Mid East Coast
Orange roughy Northwest Chatham Rise,Orange roughy New Zealand Challenger Plateau
Orange roughy Northwest Chatham Rise,Orange roughy Northwest Chatham Rise
Paua New Zealand Area PAU 5B (Stewart Island),Paua New Zealand Area PAU 5B (Stewart Island)
Paua New Zealand Area PAU 5D (Otago),Paua New Zealand Area PAU 5D (Otago)
Paua New Zealand Area PAU 7 (Marlborough),Paua New Zealand Area PAU 7 (Marlborough)
Paua NZ Area North PAUA 5A,Paua NZ Area North PAUA 5A
Paua NZ Area South PAUA 5A,Paua NZ Area South PAUA 5A
Smooth Oreo Bounty Plateau,Smooth oreo Bounty Plateau
Smooth oreo Chatham Rise,Smooth oreo Chatham Rise
Smooth Oreo East Pukaki Rise,Smooth oreo East Pukaki Rise
Smooth Oreo Southland,Smooth oreo Southland
Smooth oreo West end of Chatham Rise,Smooth oreo West end of Chatham Rise
Southern blue whiting Campbell Island Rise,Southern blue whiting Campbell Island Rise
Southern hake Chatham Rise,Southern hake Chatham Rise
Southern hake Sub-Antarctic,Southern hake Sub-Antarctic
Tarakihi New Zealand,Tarakihi Sub-Antarctic
Trevally New Zealand Areas TRE 7,Trevally New Zealand Areas TRE 7
Black cardinalfish East coast of North Island,Black cardinalfish East coast of North Island
Dredge oyster Foveax Strait,Dredge oyster Foveax Strait
New Zealand snapper New Zealand SNA 1 east Northland,New Zealand snapper New Zealand SNA 1 east Northland
New Zealand snapper New Zealand SNA 7,New Zealand snapper New Zealand SNA 7
Scampi Bay of Plenty,Scampi Bay of Plenty
Scampi Mernoo Bank,Scampi Mernoo Bank
Scampi Wairarapa/Hawke Bay,Scampi Wairarapa/Hawke Bay
Southern hake West Coast South Island,Southern hake West Coast South Island
Argentine anchoita Northern Argentina,Argentine anchoita Northern Argentina
Alfonsino Chile,Alfonsino Chile
Argentine anchoita Southern Argentina,Argentine anchoita Southern Argentina
Argentine chub mackerel Southern Argentina,Argentine chub mackerel Southern Argentina
Argentine hake Northern Argentina,Argentine hake Northern Argentina
Argentine hake Southern Argentina,Argentine hake Southern Argentina
Chilean sardine Central-Southern Chile,Chilean sardine Central-Southern Chile
Nylon shrimp Central-Southern Chile,Nylon shrimp Central-Southern Chile
Nylon shrimp Northern Chile,Nylon shrimp Northern Chile
Orange roughy Chile,Orange roughy Chile
Patagonian grenadier Central-Southern Chile,Patagonian grenadier Central-Southern Chile
Patagonian grenadier Southern Argentina,Patagonian grenadier Southern Argentina
Patagonian toothfish South Chile Argentina,Patagonian toothfish South Chile Argentina
Peruvian Anchoveta Central Chile,Peruvian anchoveta Central Chile
Peruvian Anchoveta Central-Southern Chile,Peruvian anchoveta Central-Southern Chile
Peruvian anchoveta North-Central Peruvian coast,Peruvian anchoveta North-Central Peruvian coast
Peruvian Anchoveta Northern Chile Southern Peru,Peruvian anchoveta Northern Chile Southern Peru
Pink cusk eel Central-Southern Chile,Pink cusk eel Central-Southern Chile
Pink cusk eel Southern Argentina,Pink cusk eel Southern Argentina
Pink cusk eel Southern Chile,Pink cusk eel Southern Chile
Red squat lobster Central-Southern Chile,Red squat lobster Central-Southern Chile
Red squat lobster Northern Chile,Red squat lobster Northern Chile
South Pacific hake Central-Southern Chile,South Pacific hake Central-Southern Chile
Southern blue whiting Central-Southern Chile,Southern blue whiting Central-Southern Chile
Southern blue whiting Southern Argentina,Southern blue whiting Southern Argentina
Southern hake Chile,Southern hake Central-Southern Chile
Southern sardine Central-Southern Chile,Southern sardine Central-Southern Chile
Yellow squat lobster Central-Southern Chile,Yellow squat lobster Central-Southern Chile
Yellow squat lobster Northern Chile,Yellow squat lobster Northern Chile
Yellownose skate Central-Southern Chile,Yellownose skate Central-Southern Chile
Yellownose skate Southern Chile,Yellownose skate Southern Chile
Shallow-water cape hake South Africa,Shallow water cape hake South Africa
Cape Hope squid South Africa,Cape Hope squid South Africa
Cape horse mackerel South Africa South coast,Cape horse mackerel South Africa South coast
Deep-water cape hake South Africa,Deep water cape hake South Africa
Patagonian toothfish South Africa Subantarctic Prince Edward Islands,Patagonian toothfish South Africa Subantarctic Prince Edward Islands
Abalone South Africa,South African abalone South Africa
Southern spiny lobster South Africa South coast,Southern spiny lobster South Africa South coast
BSAI Alaska plaice,Alaska plaice Bering Sea and Aleutian Islands
BSAI arrowtooth flounder,Arrowtooth flounder Bering Sea and Aleutian Islands
GOA arrowtooth flounder,Arrowtooth flounder Gulf of Alaska
BSAI atka mackerel,Atka mackerel Bering Sea and Aleutian Islands
St-Matthews blue king crab,Blue king crab Saint Matthews Island
GOA dover sole,Dover sole Gulf of Alaska
GOA dusky rockfish,Dusky rockfish Gulf of Alaska
BSAI flathead sole,Flathead sole Bering Sea and Aleutian Islands
GOA flathead sole,Flathead sole Gulf of Alaska
BSAI Greenland halibut,Greenland halibut Bering Sea and Aleutian Islands
BSAI northern rock sole,Northern rock sole Eastern Bering Sea and Aleutian Islands
BSAI northern rockfish,Northern rockfish Bering Sea and Aleutian Islands
GOA northern rockfish,Northern rockfish Gulf of Alaska
BSAI Pacific cod,Pacific cod Bering Sea
GOA Pacific cod,Pacific cod Gulf of Alaska
Pacific halibut (coastwide),Pacific halibut North Pacific
BSAI Pacific ocean perch,Pacific ocean perch Eastern Bering Sea and Aleutian Islands
GOA Pacific ocean perch,Pacific ocean perch Gulf of Alaska
Bristol Bay red king crab,Red king crab Bristol Bay
Norton Sound red king crab,Red king crab Norton Sound
GOA rex sole,Rex sole Gulf of Alaska
BSAI rougheye rockfish,Rougheye rockfish Bering Sea and Aleutian Islands
GOA rougheye rockfish,Rougheye rockfish Gulf of Alaska
Alaska sablefish,Sablefish Eastern Bering Sea / Aleutian Islands / Gulf of Alaska
EBS snow crab,Snow crab Bering Sea
EBS tanner crab,Tanner crab Bering Sea and Aleutian Islands
AI walleye pollock,Walleye pollock Aleutian Islands
EBS walleye pollock,Walleye pollock Eastern Bering Sea
GOA walleye pollock,Walleye pollock Gulf of Alaska
BSAI yellowfin sole,Yellowfin sole Bering Sea and Aleutian Islands
blacknose shark Atlantic,Blacknose shark Atlantic
Brown shrimp Gulf of Mexico,Brown shrimp Gulf of Mexico
Finetooth shark Atlantic,Finetooth shark Atlantic
Pink shrimp Gulf of Mexico,Pink shrimp Gulf of Mexico
Red grouper Gulf of Mexico,Red grouper Gulf of Mexico
Spanish mackerel Southern Atlantic Coast,Spanish mackerel Southern Atlantic coast
White shrimp Gulf of Mexico,White shrimp Gulf of Mexico
Yellowedge grouper Gulf of Mexico,Yellowedge grouper Gulf of Mexico
Yellowtail Snapper Southern Atlantic Coast and Gulf of Mexico,Yellowtail snapper Southern Atlantic coast and Gulf of Mexico
Acadian redfish Gulf of Maine / Georges Bank,Acadian redfish Gulf of Maine / Georges Bank
american plaice nafo-5yz,american plaice nafo-5yz
Atlantic cod Georges Bank,Atlantic cod Georges Bank
atlantic cod gulf of maine,atlantic cod gulf of maine
USEC Atlantic croaker,Atlantic croaker Mid-Atlantic Coast
GeBank/GoMaine Atlantic halibut,Atlantic halibut Gulf of Maine / Georges Bank
USEC Atlantic surfclam,Atlantic surfclam Mid-Atlantic Coast
Chesapeake Bay blue crab,Blue crab Chesapeake Bay
GeBank haddock TRAC,Haddock Georges Bank
GeBank/GoMaine Atlantic herring TRAC,Herring Northwestern Atlantic Coast
nGeBank/GoMaine monkfish,Monkfish Gulf of Maine / Northern Georges Bank
sGeBank/midAtl monkfish,Monkfish Southern Georges Bank / Mid-Atlantic
USEC ocean quahog,Ocean quahog Atlantic Coast
GeBank/GoMaine Atlantic pollock,Pollock NAFO-5YZ
USNE scup,Scup Northwestern Atlantic Coast
GeBank/midAtl sea scallop,Sea scallop Georges Bank and Mid-Atlantic Bight
USEC spiny dogfish,Spiny dogfish Atlantic Coast
USNE golden tilefish,Tilefish Mid-Atlantic Coast
White hake Georges Bank / Gulf of Maine,White hake Georges Bank / Gulf of Maine
GeBank/GoMaine windowpane flounder,Windowpane flounder Gulf of Maine / Georges Bank
sNEng/midAtl windowpane flounder,Windowpane flounder Southern New England /Mid Atlantic
Winter flounder Georges Bank,Winter flounder Georges Bank
Winter flounder Southern New England /Mid Atlantic,Winter flounder Southern New England /Mid Atlantic
Witch flounder Gulf of Maine,Witch flounder Gulf of Maine
Yellowtail flounder Cape Cod / Gulf of Maine,Yellowtail flounder Cape Cod / Gulf of Maine
Yellowtail flounder Georges Bank,Yellowtail flounder Georges Bank
Yellowtail flounder Southern New England /Mid Atlantic,Yellowtail flounder Southern New England /Mid Atlantic
Arrowtooth flounder Pacific Coast,Arrowtooth flounder Pacific Coast
USWC blackgill rockfish,Blackgill rockfish Pacific Coast
Bocaccio Southern Pacific Coast,Bocaccio Southern Pacific Coast
Canary rockfish Pacific Coast,Canary rockfish Pacific Coast
Chilipepper Southern Pacific Coast,Chilipepper Southern Pacific Coast
Cowcod Southern California,Cowcod Southern California
Darkblotched rockfish Pacific Coast,Darkblotched rockfish Pacific Coast
Dover sole Pacific Coast,Dover sole Pacific Coast
English sole Pacific Coast,English sole Pacific Coast
Lingcod Northern Pacific Coast,Lingcod Northern Pacific Coast
Lingcod Southern Pacific Coast,Lingcod Southern Pacific Coast
USWC longnose skate,Longnose skate Pacific Coast
Longspine thornyhead Pacific Coast,Longspine thornyhead Pacific Coast
USWC Pacific mackerel,Pacific chub mackerel Pacific Coast
Pacific hake Pacific Coast,Pacific hake Pacific Coast
Pacific ocean perch Pacific Coast,Pacific ocean perch Pacific Coast
Petrale sole Pacific Coast,Petrale sole Pacific Coast
Sablefish Pacific Coast,Sablefish Pacific Coast
Shortspine thornyhead Pacific Coast,Shortspine thornyhead Pacific Coast
Splitnose rockfish Pacific Coast,Splitnose rockfish Pacific Coast
USWC spiny dogfish,Spotted spiny dogfish Pacific Coast
Starry flounder Northern Pacific Coast,Starry flounder Northern Pacific Coast
Starry flounder Southern Pacific Coast,Starry flounder Southern Pacific Coast
Widow rockfish Pacific Coast,Widow rockfish Pacific Coast
Yelloweye rockfish Pacific Coast,Yelloweye rockfish Pacific Coast
Yellowtail Rockfish (N),Yellowtail Rockfish (N)
Anchovy Northern Alboran Sea,Anchovy Northern Alboran Sea
Anchovy South of Sicily,Anchovy South of Sicily
Anchovy Adriatic Sea,"Anchovy Adriatic Sea (GSA 17,18)"
Anchovy Black Sea,Anchovy Black Sea
Anchovy Northern Spain,Anchovy Northern Spain
Anchovy Ligurian and North Tyrrhenian Sea,Anchovy Ligurian and North Tyrrhenian Sea
Anchovy ICES VIII,Anchovy Bay of Biscay
Black Bellied Angler Malta Island and South of Sicily,"Black bellied angler Malta Island and South of Sicily (GSA 15, 16)"
Black bellied angler Balearic Island,Black bellied angler Balearic Island
Black bellied angler Northern Spain,Black bellied angler Northern Spain
Black bellied angler VIIIc-IXa,Black bellied angler ICES 8c-9a
Black bellied angler VII and VIIIabd,Black bellied angler ICES 7-8abd
Blue ling Vb-VI-VII,Blue ling ICES 5b-6-7
Boarfish VI and VIII,Boarfish ICES 6-8
Blue whiting Northern Alboran Sea,Blue whiting Northern Alboran Sea
Blue whiting Northern Spain,Blue whiting Northern Spain
Blue whiting Ligurian and North Tyrrhenian Sea,Blue whiting Ligurian and North Tyrrhenian Sea
Blue Whiting Northeast Atlantic,Blue whiting Northeast Atlantic
Capelin IIa-V-XIV,Capelin ICES 2a-5-14
Atlantic cod ICES If-XIV,Atlantic cod NAFO 1f and ICES 14
Atlantic cod Baltic Areas 22 and 24,Atlantic cod Western Baltic
Atlantic cod Baltic Areas 25-32,Atlantic cod Eastern Baltic
Atlantic cod Faroe Plateau,Atlantic cod Faroe Plateau
Atlantic cod Iceland,Atlantic cod Iceland Grounds
Atlantic cod IIIa (west) and IV-VIId,Atlantic cod ICES 3a(west)-4-7d
Atlantic cod Irish Sea,Atlantic cod Irish Sea
Atlantic cod Northeast Arctic,Atlantic cod North-East Arctic
Atlantic cod Northeast Arctic (Norwegian coastal waters),Atlantic cod North-East Arctic (Norwegian coastal waters)
Atlantic cod West of Scotland,Atlantic cod West of Scotland
Atlantic Cod Celtic Sea,Atlantic cod Celtic Sea
Common pandora Malta Island and South of Sicily,"Common pandora Malta Island and South of Sicily (GSA 15, 16)"
Tusk Va and XIV,Tusk ICES 5a-14
European seabass IVbc and VII,European seabass ICES 4bc-7
Fourspotted megrim ICES VIIIc-IXa,Fourspotted megrim ICES 8c-9a
Greenland halibut V-VI-XII-XIV,Greenland halibut ICES 5-6-12-14
Golden Redfish Northeast Arctic,Golden redfish North-East Arctic
Golden Redfish V-VI-XII-XIV,Golden redfish ICES 5-6-12-14
Giant red shrimp South Tyrrhenian Sea,Giant red shrimp South Tyrrhenian Sea
Giant red shrimp Sardinia,Giant red shrimp Sardinia
Giant red shrimp Geographical Sub-Areas 12-16,Giant red shrimp Geographical Sub-Areas 12-16
Giant red shrimp South Adriatic Sea and West Ionian Sea,"Giant red shrimp South Adriatic Sea and West Ionian Sea (GSA 18,19)"
Giant red shrimp Ligurian and North Tyrrhenian Sea,Giant red shrimp Ligurian and North Tyrrhenian Sea
Haddock Faroe Plateau,Haddock Faroe Plateau
Haddock Iceland,Haddock Iceland Grounds
Haddock Irish Sea,Haddock Irish Sea
Haddock Northeast Arctic,Haddock North-East Arctic
Haddock North Sea and IIIa-VIa,Haddock ICES 3a-4-6a
Haddock Rockall Bank,Haddock Rockall Bank
Haddock ICES VIIb-k,Haddock ICES 7b-k
Hake Malta Island and South of Sicily,"Hake Malta Island and South of Sicily (GSA 15, 16)"
Hake Geographical Sub-Areas 1-7,Hake Geographical Sub-Areas 1-7
Hake Adriatic Sea,"Hake Adriatic Sea (GSA 17,18)"
Hake Western Ionian Sea,Hake Western Ionian Sea
Hake Aegean Sea and Crete Island,"Hake Aegean Sea and Crete Island (GSA 22,23)"
Hake Geographical Sub-Areas 9-11,Hake Geographical Sub-Areas 9-11
Hake Northeast Atlantic North,Hake ICES 3a-4-6-7-8abd
Hake Northeast Atlantic South,Hake ICES 8c-9a
Herring ICES 22-24-IIIa,Herring ICES 22-24-3a
Herring Subdivisions 25-29 and 32,Herring Subdivisions 25-29 and 32
Herring Subdivisions 30-31,Herring Subdivisions 30-31
Herring Iceland (Summer spawners),Herring Iceland (Summer spawners)
Herring Northern Irish Sea,Herring Irish Sea
Norwegian Spring Spawning Herring,Herring ICES 1-2-4a-5-14a (Norwegian Spring Spawners)
"Herring IIIa, VIId and North Sea",Herring ICES 3a-4-7d
Herring ICES 28,Herring Gulf of Riga East of Gotland
Herring ICES VIIa-g-h-j,Herring ICES 7a-g-h-j
Herring ICES VIa,Herring West of Scotland
Herring ICES VIa-VIIb-VIIc,Herring ICES 5a-7bc
Horse mackerel IIa-IVa-Vb-VIa-VII-VIII,Horse mackerel ICES 2a-4a-5b-6a-7-8
Horse mackerel Portugese Waters -East,Horse mackerel Portugese Waters -East
Ling Iceland Grounds,Ling Iceland Grounds
Mackerel ICES Northeast Atlantic,Mackerel ICES Northeast Atlantic
Megrim ICES VIIIc-IXa,Megrim ICES 8c-9a
Megrim spp. IVa and VIa,Megrim spp ICES 4a-6a
Megrim spp Rockall Bank,Megrim spp Rockall Bank
Megrim VII-VIIIabd,Megrim ICES 7-8abd
Mediterranean horse mackerel Black Sea,Mediterranean horse mackerel Black Sea
Norway lobster North Minch (FU 11),Norway lobster North Minch (FU 11)
Norway lobster South Minch (FU 12),Norway lobster South Minch (FU 12)
Norway lobster Firth of Clyde and Sound of Jura (FU 13),Norway lobster Firth of Clyde and Sound of Jura (FU 13)
Norway lobster Irish Sea East (FU 14),Norway lobster Irish Sea East (FU 14)
Norway lobster Irish Sea West (FU 15),Norway lobster Irish Sea West (FU 15)
Norway lobster Porcupine Bank (FU 16),Norway lobster Porcupine Bank (FU 16)
Norway lobster Aran Grounds (FU 17),Norway lobster Aran Grounds (FU 17)
Norway lobster South East and West of IRL (FU 19),Norway lobster South East and West of IRL (FU 19)
"Norway lobster Labadie, Jones and Cockburn (FU 20-21)","Norway lobster Labadie, Jones and Cockburn (FU 20-21)"
Norway lobster Smalls (FU 22),Norway lobster Smalls (FU 22)
Norway lobster South-West and South Portugal (FU 28-29),Norway lobster South-West and South Portugal (FU 28-29)
Norway lobster Skagerak Kattegat (FU 3-4),Norway lobster Skagerak Kattegat (FU 3-4)
Norway lobster Farn Deeps (FU 6),Norway lobster Farn Deeps (FU 6)
Norway lobster Fladen Ground (FU 7),Norway lobster Fladen Ground (FU 7)
Norway lobster Firth of Forth (FU 8),Norway lobster Firth of Forth (FU 8)
Norway lobster Moray Firth (FU 9),Norway lobster Moray Firth (FU 9)
Norway lobster Northern Alboran Sea,Norway lobster Northern Alboran Sea
Norway lobster Malta Island and South of Sicily,"Norway lobster Malta Island and South of Sicily (GSA 15, 16)"
Norway lobster Adriatic Sea,"Norway lobster Adriatic Sea (GSA 17,18)"
Norway Lobster Balearic Island,Norway lobster Balearic Island
Norway lobster Northern Spain,Norway lobster Northern Spain
Norway lobster Ligurian and North Tyrrhenian Sea,Norway lobster Ligurian and North Tyrrhenian Sea
Norway lobster VIIIab,Norway lobster ICES 8ab
Norway pout IIIa and North Sea,Norway pout ICES 3a-4
Northern shrimp North-East Arctic,Northern shrimp North-East Arctic
Northern shrimp IIIa (west) and IVa (east),Northern shrimp ICES 3a(west)-4a(east)
Picarel Cyprus Island,Picarel Cyprus Island
European Plaice Subdivisions 21-23,European Plaice Subdivisions 21-23
European Plaice ICES VIId,European plaice Eastern English Channel
European Plaice ICES VIIf-g,European plaice Celtic Sea
European Plaice ICES VIIe,European plaice Western English Channel
European Plaice Irish Sea,European plaice Irish Sea
European Plaice North Sea,European plaice North Sea
Pollock Faroe Plateau,Pollock Faroe Plateau
Pollock Iceland Grounds,Pollock Iceland Grounds
Pollock Northeast Arctic,Pollock North-East Arctic
"Pollock ICES IIIa, VI and North Sea",Pollock ICES 3a-4-6
Poor cod Ligurian and North Tyrrhenian Sea,Poor cod Ligurian and North Tyrrhenian Sea
Deep-water Rose Shrimp Northern Spain,Deep water rose shrimp Northern Spain
Red shrimp Northern Alboran Sea,Red shrimp Northern Alboran Sea
Red Shrimp Northern Spain,Red shrimp Northern Spain
Red mullet Northern Alboran Sea,Red mullet Northern Alboran Sea
Red mullet South Tyrrhenian Sea,Red mullet South Tyrrhenian Sea
Red mullet Sardinia,Red mullet Sardinia
Red mullet Malta Island and South of Sicily,"Red mullet Malta Island and South of Sicily (GSA 15, 16)"
Red mullet Adriatic Sea,"Red mullet Adriatic Sea (GSA 17,18)"
Red mullet Western Ionian Sea,Red mullet Western Ionian Sea
Red mullet Cyprus Island,Red mullet Cyprus Island
Red mullet Black Sea,Red mullet Black Sea
Red mullet Balearic Island,Red mullet Balearic Island
Red mullet Northern Spain,Red mullet Northern Spain
Red mullet Gulf of Lions,Red mullet Gulf of Lions
Red mullet Ligurian and North Tyrrhenian Sea,Red mullet Ligurian and North Tyrrhenian Sea
Roundnose grenadier Vb-VI-VII-XIIb,Roundnose grenadier ICES 5b-6-7-12b
Deep-water rose shrimp Northern Alboran Sea,Deep water rose shrimp Northern Alboran Sea
Deep-water Rose Shrimp GSA 12-16,Deep water rose shrimp Geographical Sub-Areas 12-16
Deep-water rose shrimp Geographical Sub-Areas 17-19,Deep water rose shrimp Geographical Sub-Areas 17-19
Deep-water rose shrimp Balearic Island,Deep water rose shrimp Balearic Island
Sardine South of Sicily,Sardine South of Sicily
European pilchard Adriatic Sea,"Sardine Adriatic Sea (GSA 17,18)"
European pilchard Northern Spain,European pilchard Northern Spain
European pilchard ICES VIIIc-IXa,Sardine ICES 8c-9a
Spiny Dogfish Black Sea,Spiny dogfish Black Sea
Sand eel SA 1,Sand eel Sandeel Area 1
Sand eel SA 2,Sand eel Sandeel Area 2
Sand eel SA 3,Sand eel Sandeel Area 3
Sand eel Sandeel Area 4,Sand eel Sandeel Area 4
Spottail mantis shrimp South Tyrrhenian Sea,Spottail mantis shrimp South Tyrrhenian Sea
Spottail mantis shrimp Adriatic Sea,"Spottail mantis shrimp Adriatic Sea (GSA 17,18)"
Spottail mantis shrimp Ligurian and North Tyrrhenian Sea,Spottail mantis shrimp Ligurian and North Tyrrhenian Sea
Surmullet Malta Island and South of Sicily,"Surmullet Malta Island and South of Sicily (GSA 15, 16)"
Surmullet Balearic Island,Surmullet Balearic Island
Surmullet Ligurian and North Tyrrhenian Sea,Surmullet Ligurian and North Tyrrhenian Sea
Common sole Celtic Sea,Common sole Celtic Sea
Common sole 22-24-IIIa,Common sole ICES 22-24-3a
Common sole Irish Sea,Common sole Irish Sea
Common sole North Sea,Common sole North Sea
Common sole ICES VIId,Common sole Eastern English Channel
Common sole Western English Channel,Common sole Western English Channel
Common sole VIIIab,Common sole ICES 8ab
Common Sole Northern Adriatic Sea,Common sole Northern Adriatic Sea
Sprat ICES Baltic Areas 22-32,Sprat Baltic Areas 22-32
Sprat North Sea,Sprat North Sea
Sprat Black Sea,Sprat Black Sea
Spurdog Northeast Atlantic,Spurdog Northeast Atlantic
Swordfish Mediterranean Sea,Swordfish Mediterranean Sea
Turbot Black Sea,Turbot Black Sea
White anglerfish VIIIc-IXa,White anglerfish ICES 8c-9a
White anglerfish VII and VIIIabd,White anglerfish ICES 7-8abd
Whiting Black Sea,Whiting Black Sea
Whiting NS-VIId,Whiting ICES 4-7d
Whiting ICES VIa,Whiting West of Scotland
Whiting Irish Sea,Whiting Irish Sea
Whiting ICES VIIe-k,Whiting Celtic Sea